City,Country,Latitude,Longitude,Max Temp,Humidity,Cloudiness,Wind Speed
Nome,US,64.5011,-165.4064,-0.4,42,1,11.5
Albany,US,42.6001,-73.9662,30.0,71,100,3.42
Butaritari,KI,3.0707,172.7902,80.94,83,16,16.33
Chimbote,PE,-9.0853,-78.5783,75.67,69,23,10.31
Bluff,NZ,-46.6,168.3333,52.39,90,100,13.06
Tura,IN,25.5198,90.2201,59.07,38,14,2.82
Bengkulu,ID,-3.8004,102.2655,75.51,87,96,4.27
Lebu,CL,-37.6167,-73.65,66.36,69,6,13.09
Malakal,SS,9.5334,31.6605,78.06,23,43,5.37
Esim,GH,4.8699,-2.2405,81.18,83,75,9.69
New Norfolk,AU,-42.7826,147.0587,52.0,67,18,1.68
Busselton,AU,-33.65,115.3333,54.0,98,91,11.7
Jamestown,US,42.097,-79.2353,23.0,80,90,10.36
Yellowknife,CA,62.456,-114.3525,-7.01,70,90,14.97
Camotán,GT,14.8167,-89.3667,96.8,28,20,4.61
Aquiraz,BR,-3.9014,-38.3911,82.4,78,20,10.36
Necochea,AR,-38.5473,-58.7368,69.01,61,5,5.99
Cuamba,MZ,-14.8031,36.5372,70.88,94,100,2.86
Ahipara,NZ,-35.1667,173.1667,69.4,89,100,6.22
Codrington,AU,-38.2667,141.9667,56.97,86,0,8.48
Isangel,VU,-19.55,169.2667,77.0,88,20,9.66
Ruteng,ID,-8.6136,120.4721,63.14,100,100,2.04
Airai,TL,-8.9266,125.4092,60.48,100,100,1.74
San Isidro,PE,-12.1167,-77.05,77.0,73,0,8.05
Sørland,NO,67.667,12.6934,31.37,84,14,19.17
Mranggen,ID,-7.0268,110.5158,76.05,86,100,2.24
Turukhansk,RU,65.8167,87.9833,2.41,94,97,13.94
Ushuaia,AR,-54.8,-68.3,64.4,59,40,4.61
Hermanus,ZA,-34.4187,19.2345,66.0,87,1,8.7
Lovozero,RU,68.005,35.0117,6.49,93,79,7.56
Rikitea,PF,-23.1203,-134.9692,78.28,72,49,7.18
La Rioja,ES,42.25,-2.5,42.8,87,0,3.44
Sal Rei,CV,16.1833,-22.9167,71.6,73,75,20.71
Cherskiy,RU,68.75,161.3,-3.19,84,0,3.09
Cape Town,ZA,-33.9258,18.4232,71.01,78,0,24.16
Takoradze,GH,4.8845,-1.7554,81.46,82,92,11.45
Aalburg,NL,51.7548,5.1316,21.0,93,20,2.3
Atuona,PF,-9.8,-139.0333,79.39,75,29,18.59
Constitución,CL,-35.3333,-72.4167,68.65,69,12,8.86
Moree,AU,-29.4667,149.85,68.0,64,40,5.75
Tiksi,RU,71.6872,128.8694,-16.4,83,100,3.11
Hualmay,PE,-11.0964,-77.6139,75.92,69,41,10.89
Dvinskoy,RU,62.1535,45.1175,-13.88,87,67,3.4
Hambantota,LK,6.1241,81.1185,73.99,76,71,16.98
Khatanga,RU,71.9667,102.5,-17.81,84,0,9.1
Hamilton,US,39.1834,-84.5333,32.0,69,90,4.61
Djibo,BF,14.1022,-1.6306,80.49,14,0,9.4
Sisimiut,GL,66.9395,-53.6735,18.54,81,0,3.38
Faanui,PF,-16.4833,-151.75,82.04,72,0,14.18
Vila Velha,BR,-20.3297,-40.2925,78.01,94,90,5.75
Dikson,RU,73.5069,80.5464,-29.2,86,97,10.36
Pevek,RU,69.7008,170.3133,-4.22,73,0,1.74
Port Alfred,ZA,-33.5906,26.891,69.01,92,7,1.01
Port Elizabeth,ZA,-33.918,25.5701,68.0,94,75,5.75
Aasiaat,GL,68.7098,-52.8699,12.61,88,0,9.35
Suzun,RU,53.7841,82.3116,-0.44,91,100,13.82
Hong Kong,HK,22.2855,114.1577,64.0,83,97,1.01
Rocha,UY,-34.4833,-54.3333,69.66,82,57,15.48
Chui,UY,-33.6971,-53.4616,72.46,75,0,9.1
San Joaquin,US,37.9333,-121.3011,62.6,55,1,6.91
Nikolskoye,RU,59.7035,30.7861,5.0,85,100,2.24
Cidreira,BR,-30.1811,-50.2056,75.74,79,1,17.58
Huarmey,PE,-10.0681,-78.1522,76.26,67,52,10.02
Hobart,AU,-42.8794,147.3294,52.0,81,20,5.75
Pryazha,RU,61.6926,33.6216,5.0,85,0,4.47
Dunedin,NZ,-45.8742,170.5036,51.01,87,100,4.0
Sur,OM,22.5667,59.5289,70.56,65,100,10.25
Manokwari,ID,-0.8667,134.0833,78.94,78,99,7.25
Mataura,NZ,-46.1927,168.8643,49.39,95,100,6.55
Severo-Kuril'sk,RU,50.6789,156.125,25.88,95,100,20.4
Tasiilaq,GL,65.6145,-37.6368,17.6,53,75,19.57
Vostok,RU,46.4856,135.8833,-5.22,92,100,4.47
Macaúbas,BR,-13.0194,-42.6986,73.87,83,38,3.36
Shenjiamen,CN,29.9576,122.298,48.99,81,99,7.25
Chokurdakh,RU,70.6333,147.9167,-13.14,88,25,3.18
Shetpe,KZ,44.1667,52.1167,34.66,85,100,6.73
Mahébourg,MU,-20.4081,57.7,78.8,78,20,5.75
Alyangula,AU,-13.8483,136.4192,82.4,89,75,8.05
Hilo,US,19.7297,-155.09,73.4,68,90,11.5
Puerto Ayora,EC,-0.7393,-90.3518,81.0,89,75,11.5
Bambanglipuro,ID,-7.95,110.2833,76.59,86,100,5.01
Bambous Virieux,MU,-20.3428,57.7575,78.8,78,20,5.75
Iqaluit,CA,63.7506,-68.5145,8.6,72,40,4.61
Ilulissat,GL,69.2167,-51.1,21.2,45,1,2.3
Oussouye,SN,12.485,-16.5469,84.2,51,0,6.91
Lima,PE,-12.0432,-77.0282,77.0,73,0,8.05
Souillac,MU,-20.5167,57.5167,78.8,78,20,5.75
Kazachinskoye,RU,57.6953,93.2761,-2.4,89,100,5.93
Phan Thiet,VN,10.9333,108.1,72.12,85,55,3.42
Norman Wells,CA,65.282,-126.8329,-36.4,67,1,3.44
College,US,64.8569,-147.8028,-34.6,80,20,4.61
Rocky Mountain House,CA,52.3668,-114.9188,-13.0,58,0,6.91
Palani,IN,10.4667,77.5333,65.93,64,0,5.55
Hecun,CN,36.5333,114.1111,41.13,62,0,3.87
Pisco,PE,-13.7,-76.2167,78.8,61,0,14.97
Caravelas,BR,-17.7125,-39.2481,76.5,82,93,5.39
Kodinsk,RU,58.6881,99.1844,3.34,91,100,8.55
Punta Arenas,CL,-53.15,-70.9167,69.8,52,0,5.75
Kauhajoki,FI,62.4333,22.1833,19.4,93,90,3.24
Gondanglegi,ID,-7.7479,112.0132,74.68,90,100,2.55
Buenos Aires,AR,-34.6132,-58.3772,73.99,68,75,20.71
Upernavik,GL,72.7868,-56.1549,10.62,75,22,1.97
Vilyuysk,RU,63.7553,121.6247,-23.85,85,60,6.98
Kailua,US,21.4022,-157.7394,73.4,53,40,17.27
Narsaq,GL,60.9167,-46.05,35.6,27,40,29.93
Longyearbyen,SJ,78.2186,15.6401,15.8,79,75,5.75
Rawson,AR,-43.3002,-65.1023,76.42,33,100,27.72
Saint-Philippe,RE,-21.3585,55.7679,80.6,65,20,18.41
Nizwá,OM,22.9333,57.5333,63.5,44,100,2.35
Husavik,IS,66.0449,-17.3389,23.0,93,90,5.46
Khasan,RU,42.4308,130.6434,22.17,90,89,5.46
Sebeta,ET,8.9167,38.6167,50.49,85,16,2.01
Flinders,AU,-34.5833,150.8552,63.0,90,100,1.99
Chernukha,RU,55.5974,43.7556,5.05,94,100,6.04
Castro,BR,-24.7911,-50.0119,70.93,72,65,3.96
Xining,CN,36.6167,101.7667,28.13,68,36,1.79
Clyde River,CA,70.4692,-68.5914,-0.4,92,20,9.22
Mugur-Aksy,RU,50.35,90.5,2.46,76,53,11.23
Krasnogvardeyets,RU,52.6804,52.3635,-4.56,88,91,7.11
Qaanaaq,GL,77.484,-69.3632,17.11,73,0,4.68
Kaitangata,NZ,-46.2817,169.8464,55.99,94,100,1.99
Thinadhoo,MV,0.5333,72.9333,81.72,80,100,14.45
Qaqortoq,GL,60.7167,-46.0333,35.6,27,40,29.93
Laramie,US,41.3114,-105.5911,37.4,32,1,26.46
Havre-St-Pierre,CA,50.2334,-63.5986,15.8,62,1,20.71
Bonfim,BR,3.0833,-59.95,91.72,38,48,11.1
Geraldton,AU,-28.7667,114.6,60.8,88,0,9.22
Sarkand,KZ,45.41,79.9186,16.77,93,100,5.14
Mar del Plata,AR,-38.0023,-57.5575,68.0,73,40,17.27
Prainha,BR,-1.8,-53.48,84.96,66,89,3.74
Quzhou,CN,28.9594,118.8686,46.04,85,100,3.0
Broken Hill,AU,-31.95,141.4333,71.6,28,0,6.91
Vila do Maio,CV,15.1333,-23.2167,69.8,73,0,23.02
Utica,US,43.1009,-75.2327,25.0,67,98,1.99
Kidal,ML,18.4411,1.4078,74.84,16,9,8.52
Bethel,US,41.3712,-73.414,28.4,86,90,4.61
Issum,DE,51.5333,6.4333,19.99,89,11,6.22
Vaini,TO,-21.2,-175.2,80.6,89,90,21.85
Jiazi,CN,22.8779,116.067,59.65,77,100,20.51
Cururupu,BR,-1.8283,-44.8683,81.27,71,86,4.85
Goderich,CA,43.7501,-81.7165,17.6,73,100,9.22
Palmer,US,42.1584,-72.3287,28.0,86,90,8.05
Ailigandí,PA,9.2333,-78.0167,81.09,75,16,14.29
Taksimo,RU,56.3444,114.8794,4.33,89,100,0.69
Esperance,AU,-33.8667,121.9,59.0,82,0,3.44
Lavrentiya,RU,65.5833,-171.0,-12.06,80,0,15.3
Grindavik,IS,63.8424,-22.4338,30.2,100,90,10.36
Kapaa,US,22.0752,-159.319,71.6,49,1,21.85
Burnie,AU,-41.0667,145.9167,54.0,68,22,11.81
Batagay,RU,67.6333,134.6333,-21.53,81,100,2.39
Siavonga,ZM,-16.5382,28.7088,74.86,88,100,1.25
Bariloche,AR,-41.1456,-71.3082,80.6,24,0,2.3
Sitia,GR,35.2,26.0986,61.0,74,0,8.41
Tuatapere,NZ,-46.1333,167.6833,52.23,89,100,7.43
Balad,IQ,34.0164,44.1453,60.53,50,38,4.92
Ribeira Grande,PT,38.5167,-28.7,62.6,94,75,25.32
Barrow,US,71.2906,-156.7887,-29.2,68,1,13.8
Chincha Alta,PE,-13.4099,-76.1323,78.8,61,0,14.97
Galion,US,40.7337,-82.7899,23.0,79,90,6.91
Qui Nhon,VN,13.7667,109.2333,69.89,86,53,11.27
Ilorin,NG,8.5,4.55,87.8,18,0,6.91
Mandera,KE,3.9366,41.867,83.64,27,63,9.78
Torbay,CA,47.6666,-52.7314,34.0,86,90,31.07
Northam,GB,51.0333,-4.2167,33.01,70,100,14.0
Petropavlovsk-Kamchatskiy,RU,53.0452,158.6483,24.8,100,90,6.71
Hammerfest,NO,70.6634,23.6821,21.2,68,75,17.27
Nehe,CN,48.4833,124.8333,8.01,94,98,4.14
Hasaki,JP,35.7333,140.8333,32.0,59,20,4.61
Zyryanka,RU,65.75,150.85,-20.96,86,0,0.94
Lagoa,PT,39.05,-27.9833,61.02,91,100,30.24
Vanimo,PG,-2.6741,141.3028,77.61,83,36,4.47
Irituia,BR,-1.7711,-47.4381,78.22,93,96,2.71
Hithadhoo,MV,-0.6,73.0833,82.47,78,76,11.23
Karratha,AU,-20.7377,116.8463,81.77,50,2,15.64
Kawalu,ID,-7.3817,108.2082,72.18,91,99,0.85
Agirish,RU,61.9247,63.0231,-25.01,86,0,4.52
Banes,CU,20.9625,-75.7186,87.8,37,20,18.41
Kilindoni,TZ,-7.9139,39.6668,82.62,77,100,20.45
Celestún,MX,20.8667,-90.4,79.72,71,25,14.92
Avarua,CK,-21.2078,-159.775,84.2,79,100,6.91
Talnakh,RU,69.4865,88.3972,-11.27,87,100,1.72
Sarti,GR,40.1,23.9833,58.6,73,100,16.67
Kavaratti,IN,10.5669,72.642,80.67,66,0,5.46
Chapais,CA,49.7834,-74.8492,10.4,72,90,3.44
Atambua,ID,-9.1061,124.8925,75.06,89,100,1.59
Palu,ID,-0.8917,119.8707,75.15,77,41,2.77
Haines Junction,CA,60.7522,-137.5108,-22.0,52,77,2.19
Portland,US,45.5234,-122.6762,45.0,70,100,1.99
Meulaboh,ID,4.1363,96.1285,77.59,85,15,4.59
Panguna,PG,-6.3164,155.4848,72.86,96,57,2.86
Krasnoarmeysk,RU,51.0239,45.6969,6.01,54,100,11.99
Jertih,MY,5.7336,102.4897,77.0,88,20,3.44
Pangnirtung,CA,66.1451,-65.7125,5.0,85,20,5.75
El Salvador,SV,13.8333,-88.9167,89.6,65,20,12.66
Mattru,SL,7.6244,-11.8332,79.36,79,32,5.79
Playas,EC,-2.6333,-80.3833,79.18,80,76,16.42
Shimoda,JP,34.6667,138.95,40.39,70,56,7.07
Bredasdorp,ZA,-34.5322,20.0403,64.4,82,11,2.3
Katangli,RU,51.7102,143.2326,2.93,93,84,13.02
Yulara,AU,-25.2406,130.9889,84.2,58,32,5.86
Partsa,RU,54.3653,42.8617,7.79,95,100,10.69
Shingū,JP,33.7333,135.9833,36.23,82,53,6.17
Pratāpgarh,IN,24.0333,74.7833,62.31,31,44,2.82
Dzilam González,MX,21.2833,-88.9333,90.01,45,11,8.7
Verāval,IN,20.9,70.3667,69.21,42,54,11.34
Saint Paul Harbor,US,57.79,-152.4072,32.0,80,90,2.24
Pervomayskiy,RU,53.2485,40.2871,5.0,76,100,10.83
Ossora,RU,59.2353,163.0719,28.56,97,100,41.9
Pingliang,CN,35.5392,106.6861,34.7,84,0,1.9
Kirby,US,29.4633,-98.3856,75.2,53,75,5.75
Marsabit,KE,2.3284,37.9899,72.43,48,53,9.71
Tiarei,PF,-17.5333,-149.3333,86.0,62,20,11.5
Jaciara,BR,-15.9653,-54.9683,82.0,55,88,3.51
Hokitika,NZ,-42.7167,170.9667,56.59,80,99,6.6
Asău,RO,46.4333,26.4,36.0,93,0,2.3
Liverpool,GB,53.4106,-2.9779,32.0,80,75,12.66
Coyhaique,CL,-45.5752,-72.0662,89.6,27,40,6.91
Te Anau,NZ,-45.4167,167.7167,47.32,88,99,1.63
Chillicothe,US,39.3331,-82.9824,30.0,80,90,5.75
Carnarvon,AU,-24.8667,113.6333,73.4,100,40,19.57
Nanortalik,GL,60.1432,-45.2371,29.55,86,85,17.22
Bajil,YE,15.0584,43.2851,75.67,65,13,4.07
Abu Samrah,SY,35.3029,37.1841,57.79,58,100,3.49
Kanniyākumāri,IN,8.0833,77.5667,75.52,65,97,20.92
Porlamar,VE,10.958,-63.8491,77.94,71,0,16.87
Praia,CV,14.9215,-23.5087,69.8,73,0,23.02
Saskylakh,RU,71.9167,114.0833,-24.43,83,0,8.77
Westport,US,41.1415,-73.3579,32.0,86,90,11.5
Scarborough,GB,54.2797,-0.4044,33.01,69,95,7.0
Arraial do Cabo,BR,-22.9661,-42.0278,73.4,88,90,2.3
Talpa,MX,28.8257,-111.6257,81.0,24,49,5.01
Fortuna,US,40.5982,-124.1573,55.99,87,90,4.68
Tanhaçu,BR,-14.0214,-41.2481,74.53,82,35,7.72
Ixtapa,MX,20.7,-105.2,73.4,78,1,13.8
Kavieng,PG,-2.5744,150.7967,82.83,78,99,10.87
Itanagar,IN,27.1,93.6167,57.61,54,0,3.62
Quelimane,MZ,-17.8786,36.8883,82.4,61,20,3.0
Francistown,BW,-21.17,27.5079,71.6,83,40,8.05
George Town,MY,5.4112,100.3354,80.6,89,20,1.14
Muros,ES,42.7762,-9.0603,52.0,86,99,5.01
Havelock,US,34.8791,-76.9013,66.0,82,90,5.75
Luanda,AO,-8.8368,13.2343,80.6,83,75,6.91
Diego de Almagro,CL,-26.3667,-70.05,82.2,24,0,14.34
Taoudenni,ML,22.6783,-3.9836,68.25,21,0,10.96
East London,ZA,-33.0153,27.9116,72.03,77,0,3.96
Marsá Maţrūḩ,EG,31.3525,27.2453,55.4,88,0,6.33
Puli,TW,23.9664,120.9695,64.0,88,75,4.9
Manyana,BW,-23.4,21.7167,71.4,77,100,5.79
Katrineholm,SE,58.9959,16.2072,17.6,73,100,13.8
Gaza,PS,31.5,34.4667,63.0,45,0,2.13
Jalu,LY,29.0331,21.5482,61.09,29,100,7.65
Saldanha,ZA,-33.0117,17.9442,66.2,72,0,13.8
Ancud,CL,-41.8697,-73.8203,78.8,41,0,10.36
Mount Gambier,AU,-37.8333,140.7667,53.6,100,0,5.75
Hof,DE,50.3167,11.9167,10.0,86,82,3.0
Kano,NG,12.0001,8.5167,69.8,46,0,3.44
Koumac,NC,-20.5667,164.2833,80.04,66,9,8.21
Weinan,CN,34.5036,109.5089,41.0,93,0,2.24
Mangai,CD,-4.05,19.5333,75.69,78,100,1.32
Ballina,AU,-28.8667,153.5667,66.2,88,75,6.91
Alvarães,BR,-3.2208,-64.8042,80.6,83,40,5.75
Fukuechō,JP,32.6881,128.8419,50.09,58,79,11.23
Bizhbulyak,RU,53.6967,54.2642,-12.3,86,41,5.7
Stornoway,GB,58.2093,-6.3865,33.8,64,75,11.5
Digha,IN,21.6833,87.55,64.27,58,0,5.03
Avera,US,33.194,-82.5271,68.0,82,90,5.75
Mandalgovi,MN,45.7625,106.2708,22.01,83,61,12.35
Kortkeros,RU,61.8106,51.5806,-14.8,84,40,4.47
Tarija,BO,-21.5355,-64.7296,60.8,82,90,9.22
Mumford,GH,5.2618,-0.759,82.18,82,52,11.3
Banská Štiavnica,SK,48.4486,18.91,32.0,94,87,1.99
Kapoeta,SS,4.7717,33.5903,82.29,39,49,7.83
Seymchan,RU,62.8833,152.4333,-10.21,87,89,8.12
Barstow,US,34.8986,-117.0228,64.0,19,1,4.61
Port Lincoln,AU,-34.7333,135.8667,69.87,60,2,7.92
Sukhoy Log,RU,56.9094,62.0296,-17.01,86,96,6.73
Chivay,PE,-15.6383,-71.6011,52.99,61,72,12.39
Clearwater,US,27.9659,-82.8001,78.8,73,86,4.61
Dondo,MZ,-19.6094,34.7431,80.6,89,40,5.75
Batemans Bay,AU,-35.7167,150.1833,60.01,94,100,1.01
Tres Picos,MX,15.8667,-93.5333,87.85,48,47,9.04
Faya,SA,18.3851,42.4509,50.0,76,0,3.98
Praia da Vitória,PT,38.7333,-27.0667,62.6,88,75,22.86
Roald,NO,62.5833,6.1333,26.6,68,40,11.5
Tuktoyaktuk,CA,69.4541,-133.0374,-38.2,67,20,9.22
Umm Kaddadah,SD,13.6017,26.6876,68.56,26,99,11.7
Chkalovskoye,RU,44.8392,133.0436,1.6,93,19,4.79
Aswān,EG,24.0934,32.907,67.98,42,34,6.24
Korla,CN,41.7597,86.1469,29.41,85,71,3.44
Cody,US,44.5263,-109.0565,8.6,61,75,5.66
San Felipe,VE,10.3399,-68.7425,77.41,68,41,9.35
São João da Barra,BR,-21.6403,-41.0511,75.2,83,75,8.05
Rio Grande,BR,-32.035,-52.0986,77.0,69,40,5.75
Betsiamites,CA,48.9413,-68.646,17.6,25,1,9.22
Wolgast,DE,54.05,13.7667,19.99,82,100,2.62
Nouadhibou,MR,20.931,-17.0347,64.4,82,0,18.41
Gisborne,NZ,-38.6533,178.0042,73.99,63,100,8.01
Touros,BR,-5.1989,-35.4608,84.2,65,20,14.97
Lianzhou,CN,24.7811,112.3825,52.63,88,100,1.66
Kaeo,NZ,-35.1,173.7833,69.01,95,100,8.99
Nacogdoches,US,31.6002,-94.6335,66.99,94,90,6.91
Mindelo,CV,16.8901,-24.9804,69.8,68,75,20.71
Siuna,NI,13.7332,-84.7773,76.28,87,96,4.68
Mosetse,BW,-20.75,26.65,69.31,80,98,9.33
Lagoa da Canoa,BR,-9.8297,-36.7378,79.03,60,8,16.08
Alofi,NU,-19.0595,-169.9187,80.6,89,75,8.05
Anadyr,RU,64.75,177.4833,3.2,78,0,2.24
Port Moresby,PG,-9.4431,147.1797,75.2,94,20,6.91
Mogocha,RU,53.7333,119.7667,-2.07,91,48,2.19
Zaysan,KZ,47.4667,84.8667,10.4,95,100,3.62
Leh,IN,34.1667,77.5833,20.3,86,100,2.84
Makhalino,RU,53.0854,46.2211,3.52,93,100,15.05
Richards Bay,ZA,-28.783,32.0377,75.15,92,91,3.2
Port Keats,AU,-14.25,129.55,78.13,85,99,3.47
Srednekolymsk,RU,67.45,153.6833,-14.71,87,0,6.33
Belle Fourche,US,44.6714,-103.8522,3.0,71,1,6.91
Kenai,US,60.5544,-151.2583,8.01,72,90,10.36
Lipari,IT,38.4674,14.954,57.0,87,14,4.0
Bandar-e Lengeh,IR,26.5579,54.8807,69.48,53,0,10.29
Forsytheganj,BY,52.6333,29.7333,8.58,96,87,4.38
Lüderitz,NA,-26.6481,15.1594,69.85,67,0,12.48
Timrå,SE,62.487,17.3257,17.6,79,90,8.05
Salalah,OM,17.0151,54.0924,75.2,60,0,1.14
Kyren,RU,51.6828,102.1408,19.0,89,100,0.6
Coquimbo,CL,-29.9533,-71.3436,66.2,72,0,13.8
Arica,CL,-18.475,-70.3042,73.4,64,0,12.66
Vilhena,BR,-12.7406,-60.1458,73.4,100,20,8.05
San Cristobal,VE,7.7669,-72.225,86.0,54,40,11.5
Florianópolis,BR,-27.6146,-48.5012,80.6,69,20,11.5
Enshi,CN,30.3,109.4833,49.01,82,99,1.59
Zhangye,CN,38.9342,100.4517,31.24,74,44,1.66
Altay,CN,47.8667,88.1167,20.46,93,100,5.5
Coahuayana Viejo,MX,18.7333,-103.6833,80.6,41,40,7.61
Tokmak,UA,47.2514,35.7058,32.56,96,24,6.64
Port-Gentil,GA,-0.7193,8.7815,82.4,89,20,2.3
Cotacachi,EC,0.3,-78.2667,75.2,43,75,19.57
Beringovskiy,RU,63.05,179.3167,-9.54,90,97,11.45
Ţahţā,EG,26.7693,31.5021,66.2,45,0,5.75
Thompson,CA,55.7435,-97.8558,-20.2,57,75,9.22
Río Gallegos,AR,-51.6226,-69.2181,75.2,38,0,10.36
Tautira,PF,-17.7333,-149.15,86.0,62,20,11.5
Oktyabr'skoye,RU,43.0645,44.7417,26.6,100,11,4.47
Ponta do Sol,PT,32.6667,-17.1,59.0,64,83,1.01
Sibu,MY,2.3,111.8167,77.0,94,40,0.76
Wāris Alīganj,IN,25.0167,85.6333,56.01,66,0,5.46
Abu Kamal,SY,34.4506,40.9171,61.65,37,0,7.4
Aracaju,BR,-10.9111,-37.0717,82.4,65,40,9.22
Taiyuan,CN,37.8694,112.5603,21.2,68,0,2.24
Ocós,GT,14.5094,-92.1933,91.4,55,40,11.5
Bilibino,RU,68.0546,166.4372,-6.88,87,0,3.38
Kosa,RU,59.9445,54.9977,-23.26,87,78,5.08
Halifax,CA,44.6453,-63.5724,26.6,39,75,11.5
Synya,RU,65.3718,58.0387,-23.6,86,97,3.56
Agüimes,ES,27.9054,-15.4461,64.4,68,20,6.91
Marystown,CA,47.1666,-55.1483,28.65,92,58,31.92
Kindersley,CA,51.4668,-109.1682,-16.6,76,90,21.85
Quthing,LS,-30.4,27.7003,67.77,59,15,6.62
Noumea,NC,-22.2763,166.4572,80.01,88,75,2.3
Ust'-Omchug,RU,61.15,149.6333,-2.0,88,100,11.72
Erzin,TR,36.9559,36.2,62.01,64,0,4.0
Constantine,DZ,36.365,6.6147,53.6,62,0,13.8
Szécsény,HU,48.0806,19.5202,34.0,92,100,1.01
Parabel',RU,58.6978,81.4825,-5.31,91,100,5.91
Sabha,LY,27.0377,14.4283,60.64,29,40,7.0
Kushmurun,KZ,52.4503,64.6311,-15.54,85,0,6.96
Bluefields,NI,12.0137,-83.7635,86.0,70,75,4.61
Slave Lake,CA,55.2834,-114.769,-16.6,63,90,23.02
Luebo,CD,-5.35,21.4167,75.4,76,100,1.63
Jacqueville,CI,5.2052,-4.4146,82.4,89,20,6.91
Katsuura,JP,35.1333,140.3,39.2,38,20,11.5
Vestmannaeyjar,IS,63.4427,-20.2734,38.59,76,100,14.12
Grimshaw,CA,56.1834,-117.6027,-20.2,63,75,12.66
Great Falls,US,47.5002,-111.3008,-9.99,70,75,5.75
La Maná,EC,-0.9333,-79.2167,60.8,55,75,8.05
Ishigaki,JP,24.3448,124.1572,68.31,75,94,19.26
Imbituba,BR,-28.24,-48.6703,80.6,69,20,11.5
Davila,PH,18.4726,120.5763,74.82,79,100,12.91
Qinhuangdao,CN,39.9317,119.5883,34.7,73,0,7.16
Saint-Augustin,CA,51.226,-58.6502,23.99,97,100,16.62
Ulladulla,AU,-35.35,150.4667,61.0,100,75,9.22
Nālūt,LY,30.3333,10.85,55.17,35,1,4.36
Moranbah,AU,-22.0016,148.0466,72.93,79,7,14.72
Tuxpan,MX,19.55,-103.4,80.6,41,40,6.24
Lamu,KE,-2.2717,40.902,78.8,83,1,12.19
Emiliano Zapata,MX,18.8333,-99.1833,84.2,28,1,4.61
Puerto Nariño,CO,-3.7703,-70.3831,82.4,83,75,4.61
Emerald,AU,-23.5333,148.1667,75.2,78,90,6.91
Ratnagiri,IN,16.9833,73.3,72.86,40,0,6.96
Namatanai,PG,-3.6667,152.4333,79.81,83,94,4.27
Gawler,AU,-34.6,138.7333,69.01,40,0,7.0
Mbengwi,CM,6.0167,10.0,65.53,36,0,1.03
Natá,PA,8.3333,-80.5167,89.6,58,20,9.22
Atbasar,KZ,51.8,68.3333,-25.08,86,26,10.16
Sola,VU,-13.8833,167.55,81.88,73,100,3.87
Gamba,GA,-2.65,10.0,77.07,88,100,4.7
Teguise,ES,29.0605,-13.564,66.2,72,40,4.61
Juneau,US,58.3019,-134.4197,6.8,33,20,20.71
Klaksvík,FO,62.2266,-6.589,26.6,80,20,5.75
Khandyga,RU,62.6667,135.6,-22.22,85,62,1.92
Sambava,MG,-14.2667,50.1667,76.95,88,100,5.46
Ruwi,OM,23.5996,58.5507,68.0,88,0,2.3
Malbork,PL,54.0359,19.0266,16.0,92,75,3.44
Provideniya,RU,64.3833,-173.3,-5.71,77,0,15.08
Maiduguri,NG,11.8464,13.1603,72.99,20,41,9.53
Comodoro Rivadavia,AR,-45.8667,-67.5,80.6,39,0,13.8
Harper,LR,4.375,-7.7169,79.95,83,89,5.12
Dalby,AU,-27.1833,151.2667,62.6,77,1,6.91
Adrar,MR,20.5022,-10.0711,66.34,23,58,8.79
Oga,IT,46.4631,10.347,41.0,86,90,4.61
Merauke,ID,-8.4667,140.3333,78.31,88,100,10.02
Thaton,MM,16.9206,97.3714,63.77,49,3,4.25
Ostrovnoy,RU,68.0531,39.5131,4.78,90,100,15.93
Nemuro,JP,43.3236,145.575,20.61,88,58,13.87
Doha,QA,25.2867,51.5333,66.2,82,0,10.36
Coffs Harbour,AU,-30.3,153.1333,64.4,88,76,10.36
Borogontsy,RU,62.6683,131.1683,-25.56,85,13,5.41
Opuwo,NA,-18.0607,13.84,72.14,65,100,4.61
Apac,UG,1.9756,32.5386,79.03,44,67,7.65
Krosno Odrzańskie,PL,52.0549,15.0988,17.6,93,90,1.14
Rosetta,EG,31.4044,30.4164,62.6,94,0,6.91
Nsukka,NG,6.8561,7.3927,86.0,54,20,3.44
Mangochi,MW,-14.4782,35.2645,73.27,90,100,4.43
Santa Ana,US,33.7456,-117.8678,59.0,67,90,3.44
Taltal,CL,-25.4,-70.4833,70.18,64,34,6.42
Port Hedland,AU,-20.3167,118.5667,78.8,89,98,8.05
Yalutorovsk,RU,56.6536,66.3006,-9.89,89,100,8.08
Flin Flon,CA,54.7682,-101.865,-14.8,58,75,12.66
Kaitong,CN,44.8135,123.15,12.24,93,97,4.18
Sar-e Pul,AF,35.8333,66.1667,41.11,55,5,6.15
Assiut,EG,27.181,31.1837,66.2,42,0,5.75
Soller,ES,39.7662,2.7152,57.99,85,100,7.0
Vítkov,CZ,49.7744,17.7494,21.2,86,90,3.44
Manado,ID,1.487,124.8455,75.2,94,20,2.3
Madimba,TZ,-10.4,40.3333,79.29,88,100,10.71
Nioro,GM,13.35,-15.75,84.58,14,98,6.98
Bac Giang,VN,21.2667,106.2,57.2,94,75,2.3
Grand Gaube,MU,-20.0064,57.6608,77.0,78,7,3.0
The Valley,AI,18.217,-63.0578,82.4,57,20,17.27
San Onofre,CO,9.7359,-75.5263,84.27,70,61,10.29
Tygda,RU,53.1167,126.3333,-9.0,91,68,2.86
Sidi Ali,DZ,36.0998,0.4206,56.89,73,100,11.16
Lygourio,GR,37.6167,23.0333,57.99,82,40,2.3
Harboøre,DK,56.6175,8.1807,24.01,82,100,8.99
Road Town,VG,18.4167,-64.6167,82.4,65,40,12.66
Mahon,ES,39.8885,4.2658,57.2,77,20,20.71
Mount Isa,AU,-20.7333,139.5,78.8,83,96,6.53
Palizada,MX,18.25,-92.0833,86.0,54,1,10.36
Puerto Ayacucho,VE,5.6639,-67.6236,94.15,41,95,9.13
Kloulklubed,PW,7.0419,134.2556,81.39,76,100,16.46
Olinda,BR,-8.0089,-34.8553,80.6,65,20,11.5
Murmashi,RU,68.8154,32.8115,-9.4,84,40,2.24
Ban Nahin,LA,18.2418,104.2122,59.25,89,63,3.47
Rundu,NA,-17.9333,19.7667,67.66,95,100,5.28
Linhares,BR,-19.3911,-40.0722,72.0,93,91,2.68
Ankang,CN,32.68,109.0172,46.42,61,24,1.41
Larap,PH,14.299,122.6504,72.46,92,100,12.12
Mackenzie,CA,55.2999,-123.1698,-13.0,44,40,8.05
Bathsheba,BB,13.2167,-59.5167,80.6,61,40,19.57
Būgai,LT,55.4167,22.6167,12.06,96,92,9.19
Valdivia,CL,-39.8142,-73.2459,91.4,29,0,14.97
Chanika,TZ,-5.4167,38.0167,69.26,99,100,2.1
Dhārchula,IN,29.85,80.5333,54.54,41,100,3.74
San Miguel de Cozumel,MX,20.5083,-86.9458,82.4,74,90,11.5
Gizo Government Station,SB,-8.103,156.8419,82.67,76,57,13.35
Nivala,FI,63.9167,24.9667,1.0,88,100,3.49
Tres Arroyos,AR,-38.3739,-60.2798,76.64,34,12,14.9
Vila Franca do Campo,PT,37.7167,-25.4333,61.0,94,75,17.27
Indiana,US,40.0003,-86.2503,26.01,73,90,6.91
Sainte-Luce-sur-Loire,FR,47.2538,-1.4843,37.4,93,90,11.5
Manta,EC,-0.95,-80.7333,77.0,94,90,5.75
La Ronge,CA,55.1001,-105.2842,-18.4,57,90,19.57
Suhum,GH,6.0409,-0.45,82.4,89,0,12.66
Santiago del Estero,AR,-27.7951,-64.2615,72.0,84,64,4.0
Krasnohrad,UA,49.3814,35.4402,26.98,98,98,11.63
São Filipe,CV,14.8961,-24.4956,70.21,75,100,6.82
Safi,MA,32.2994,-9.2372,60.69,91,54,9.15
Kruisfontein,ZA,-34.0033,24.7314,66.0,88,0,2.89
Normandin,CA,48.8333,-72.5321,8.6,66,100,3.44
Volgorechensk,RU,57.4393,41.1555,8.6,78,75,4.47
Shizunai-furukawachō,JP,42.3339,142.3669,24.1,90,80,17.31
Melfi,IT,40.9965,15.6514,54.0,91,38,4.0
Acarí,PE,-15.4311,-74.6158,80.8,55,35,10.38
Los Llanos de Aridane,ES,28.6585,-17.9182,64.4,72,20,5.75
Raymond,US,43.9015,-70.4703,24.01,85,100,1.01
Mackay,AU,-21.15,149.2,77.0,83,90,10.36
Garoowe,SO,8.4054,48.4845,67.62,60,96,12.53
Miraflores,MX,19.2167,-98.8083,75.2,16,40,4.61
Hitoyoshi,JP,32.2167,130.75,35.01,74,0,3.0
Tual,ID,-5.6667,132.75,83.28,79,95,17.67
Beloha,MG,-25.1667,45.05,73.26,92,100,3.76
Paita,PE,-5.0892,-81.1144,86.0,54,0,16.11
Balabac,PH,7.9868,117.0645,79.02,81,94,2.28
Cooma,AU,-36.2333,149.1333,53.6,87,90,9.22
Lompoc,US,34.6391,-120.4579,55.99,71,20,6.2
San Ramon,US,37.7799,-121.978,61.0,62,90,4.61
Cam Ranh,VN,11.9214,109.1591,77.0,83,20,5.75
Gremyachinsk,RU,58.5603,57.851,-20.0,75,100,6.44
Ust'-Koksa,RU,50.2696,85.6108,-6.48,82,11,2.73
Mehamn,NO,71.0357,27.8492,24.8,80,90,24.16
Tateyama,JP,34.9833,139.8667,37.0,39,30,3.0
Pochutla,MX,15.7432,-96.4661,89.01,48,20,11.5
Samarai,PG,-10.6167,150.6667,82.02,74,100,5.99
Mossamedes,AO,-15.1961,12.1522,72.95,75,95,6.64
Kiryat Gat,IL,31.61,34.7642,63.0,45,0,1.86
Alta Floresta,BR,-9.8756,-56.0861,81.07,90,100,2.53
Margate,GB,51.3813,1.3862,33.01,60,97,4.0
Baykit,RU,61.67,96.37,0.81,88,100,7.56
Saint-Pierre,RE,-21.3393,55.4781,80.6,65,20,18.41
NEDJO,ET,9.5046,35.5019,61.84,32,22,4.56
Nynäshamn,SE,58.9034,17.9479,17.01,88,100,3.0
Antigonish,CA,45.6169,-61.9986,21.0,56,0,10.0
Kalangala,UG,-0.3089,32.225,75.25,75,89,8.9
Iranshahr,IR,27.2025,60.6848,59.0,25,0,4.61
Nerchinskiy Zavod,RU,51.3088,119.61,-8.1,91,81,2.82
Evensk,RU,61.95,159.2333,15.17,89,100,26.26
Batticaloa,LK,7.7102,81.6924,74.48,77,100,9.78
Zhangaözen,KZ,43.3,52.8,39.42,70,100,10.49
Monforte de Lemos,ES,42.5216,-7.5142,39.0,89,100,4.0
Yar-Sale,RU,66.8333,70.8333,-26.28,84,0,9.84
Rāhuri,IN,19.3833,74.65,64.94,26,0,4.52
Whitehorse,CA,60.7161,-135.0538,-23.01,67,1,2.89
Bethanien,NA,-26.502,17.1583,86.22,19,28,8.66
Haverfordwest,GB,51.8017,-4.9691,35.01,67,85,28.01
Tafalla,ES,42.5269,-1.6745,44.6,81,20,4.61
Krasnosel'kup,RU,65.7,82.4667,-11.61,88,100,16.22
Pemangkat,ID,1.1667,108.9667,77.54,89,98,6.69
Padang,ID,-0.9492,100.3543,75.2,94,20,1.14
Batagay-Alyta,RU,67.8006,130.4114,-12.5,76,100,2.77
Bossangoa,CF,6.4926,17.4552,71.22,19,73,2.8
Bilma,NE,18.6853,12.9164,70.52,19,0,8.99
Chernyshevskiy,RU,63.0128,112.4714,-10.61,91,100,12.59
Oktyabr'skiy,RU,54.4815,53.471,-10.59,84,7,4.92
Punta Alta,AR,-38.8759,-62.0736,75.94,39,0,20.29
Port-Cartier,CA,50.0334,-66.8654,14.0,44,20,14.97
Riberalta,BO,-10.9833,-66.1,87.8,70,75,9.22
Saint-Joseph,RE,-21.3667,55.6167,80.6,69,20,12.66
Pacific Grove,US,36.6177,-121.9166,57.0,76,75,3.44
City of San Pedro,PH,14.35,121.0167,75.99,88,90,2.3
Saint Anthony,US,45.0205,-93.218,9.0,43,1,13.8
Honiara,SB,-9.4333,159.95,80.94,80,66,6.13
Birao,CF,10.2849,22.7882,69.66,22,90,5.23
Najrān,SA,17.4924,44.1277,57.2,77,40,2.3
Menongue,AO,-14.6585,17.691,66.49,89,100,4.14
Amapá,BR,1.0,-52.0,76.03,95,98,4.29
Motygino,RU,58.1831,94.7592,-2.52,91,100,7.4
Alugan,PH,12.2188,125.4808,78.3,87,100,12.41
Newburn,GB,54.9876,-1.7442,34.0,51,20,11.5
Kattivākkam,IN,13.2167,80.3167,71.6,73,75,4.61
Gao,ML,16.6362,1.637,77.32,14,49,10.94
Zhigansk,RU,66.7697,123.3711,-27.53,83,0,0.63
Black Diamond,US,47.3087,-122.0032,44.01,79,86,1.01
Babu,CN,24.4167,111.5167,53.26,89,100,1.12
Gogrial,SS,8.5332,28.1004,74.01,20,24,5.39
Hofn,IS,64.2539,-15.2082,31.78,94,100,10.2
Kahului,US,20.8947,-156.47,71.6,68,75,18.41
Dalvik,IS,65.9702,-18.5286,23.0,93,90,5.57
Mporokoso,ZM,-9.3727,30.125,62.31,96,100,2.08
Cayenne,GF,4.9333,-52.3333,80.6,74,75,8.05
Beaufort,MY,5.3473,115.7455,77.0,94,20,1.88
Logan Lake,CA,50.4998,-120.8025,10.99,52,1,8.05
Lālmohan,BD,22.3384,90.7419,66.85,46,0,5.77
Marquette,US,46.5333,-87.6335,9.0,31,14,5.99
Plettenberg Bay,ZA,-34.0527,23.3716,66.22,88,3,2.35
Matara,LK,5.9485,80.5353,73.62,86,58,3.69
Catuday,PH,16.2923,119.8062,75.94,80,91,12.91
Kemijärvi,FI,66.7131,27.4306,2.71,93,53,2.84
Istanbul,TR,41.0351,28.9833,59.0,72,0,17.27
Soyo,AO,-6.1349,12.3689,78.66,83,100,5.5
Cap Malheureux,MU,-19.9842,57.6142,77.0,78,9,3.0
Abū Zabad,SD,12.35,29.25,67.73,23,24,8.95
Hobyo,SO,5.3505,48.5268,76.69,72,82,21.12
Brownsville,US,25.9018,-97.4975,82.4,57,75,10.36
Hīt,IQ,33.6416,42.8251,61.05,43,19,5.79
Halden,NO,59.1226,11.3871,19.0,67,0,6.91
Quesnel,CA,52.9999,-122.5029,-5.8,71,90,9.22
Morehead,US,37.2711,-87.1764,37.99,80,90,8.05
Solnechnyy,RU,50.7214,136.6319,-3.91,85,1,1.34
Berlevåg,NO,70.8578,29.0864,17.6,79,75,17.27
Itarema,BR,-2.9248,-39.9167,78.57,85,100,7.58
West Wendover,US,40.7391,-114.0733,51.8,32,75,11.5
Susa,IR,32.1942,48.2436,62.15,57,100,1.72
Toppenish,US,46.3774,-120.3087,35.01,56,86,2.21
Dingle,PH,10.9995,122.6711,73.26,93,98,4.43
Almaznyy,RU,48.0448,40.045,35.6,100,75,20.13
Myingyan,MM,21.4667,95.3833,64.4,49,0,1.16
Chornukhy,UA,50.2673,32.942,14.74,96,98,4.63
Beatrice,US,40.2681,-96.747,6.01,61,1,4.61
Kuytun,RU,54.3419,101.5036,13.1,94,100,4.47
